<?xml version="1.0" encoding="utf-8" standalone="no"?><group>
	<student firstname="Ivan" groupnumber="RPIS" lastname="Ivanov">
		<subject mark="4" title="Math"/>
		<subject mark="5" title="MZYAP"/>
		<subject mark="2" title="PP"/>
		<subject mark="3" title="AVS"/>
		
		<average>3.5</average></student>
	
	<student firstname="Petya" groupnumber="RPIS" lastname="Kykyshkin">
		<subject mark="2" title="PP"/>
		<subject mark="3" title="AVS"/> 
		<subject mark="4" title="Math"/>
		<subject mark="5" title="MZYAP"/>
		
		<average>3.5</average></student>

	<student firstname="Egor" groupnumber="RPIS" lastname="Stylin">
		<subject mark="5" title="Math"/>
		<subject mark="5" title="MZYAP"/>
		<subject mark="5" title="PP"/>
		<subject mark="5" title="AVS"/>
		<average>5.0</average></student>	
</group>